{"cameraMode":{"drawMode":0,"name":"Shaded","section":"Shading Mode"},"sceneLighting":true,"audioPlay":false,"sceneViewState":{"m_AlwaysRefresh":false,"showFog":true,"showSkybox":true,"showFlares":true,"showImageEffects":true,"showParticleSystems":true,"showVisualEffectGraphs":true,"m_FxEnabled":true},"in2DMode":false,"pivot":{"x":0.47961732745170596,"y":-0.4778059124946594,"z":34.136749267578128},"rotation":{"x":-0.0018096702406182886,"y":0.005097829271107912,"z":-0.000009241007319360506,"w":-0.9999858736991882},"size":22.778261184692384,"orthographic":false}