{"cameraMode":{"drawMode":0,"name":"Shaded","section":"Shading Mode"},"sceneLighting":true,"audioPlay":false,"sceneViewState":{"m_AlwaysRefresh":false,"showFog":true,"showSkybox":true,"showFlares":true,"showImageEffects":true,"showParticleSystems":true,"showVisualEffectGraphs":true,"m_FxEnabled":true},"in2DMode":false,"pivot":{"x":-1.2067904472351075,"y":-1.0901317596435547,"z":4.363132476806641},"rotation":{"x":-0.14968165755271913,"y":0.1409694403409958,"z":-0.021565791219472886,"w":-0.9783967137336731},"size":12.348187446594239,"orthographic":false}